id,name,some_capitalized,atleast_one_capitalized,first_letter_capitalized,has_suffix_salutation,start_position,distance_to_period,distance_to_closest_keyword,frequency,label
d03bd86e-bd67-4f37-b934-831e107dee80,Ankit Vij Jr,1,1,1,45,4,3,1,3,1
d137dacf-dc5c-4c4b-9fd6-f55d5448a096,Aman Saini Senior,1,1,1,55,5,2,1,3,1
b3bfb795-c870-4a38-8922-776dd0dd10a7,Joel Haynie III,1,1,1,65,8,2,1,3,1
d03bd86e-bd67-4f37-b934-831e107dee81,diamond trump hit,0,0,0,75,20,20,0,3,0
d03bd86e-bd67-4f37-b934-831e107dee82,Spruce tree bow,1,1,1,15,20,20,0,3,0
d03bd86e-bd67-4f37-b934-831e107dee83,Madison Dog Show,1,1,1,80,20,20,0,3,0